date,product,quantity,price
2025-01-02,Stand,2,33.40
2025-01-02,Mouse,2,29.07
2025-01-02,Laptop,9,777.42
2025-01-02,External Hard Drive,1,96.65
2025-01-02,Speaker,2,56.36
2025-01-03,Printer,9,166.86
2025-01-03,Keyboard,6,40.10
2025-01-03,Headphones,8,82.86
2025-01-04,Mouse,5,28.13
2025-01-04,Stand,4,38.98
2025-01-05,Router,3,74.57
2025-01-06,Speaker,3,71.45
2025-01-06,Mouse,7,27.88
2025-01-06,Stand,3,35.41
2025-01-07,USB Drive,5,17.74
2025-01-08,Tablet,5,363.49
2025-01-08,Stand,10,36.82
2025-01-10,Adapter,1,17.60
2025-01-11,Mouse,1,26.36
2025-01-11,Cable,6,8.75
2025-01-11,Case,1,32.31
2025-01-12,Adapter,10,19.87
2025-01-12,Keyboard,8,58.05
2025-01-14,Tablet,7,388.72
2025-01-15,Mouse,4,22.95
2025-01-15,Tablet,9,327.39
2025-01-16,Webcam,6,55.84
2025-01-16,Smartphone,6,647.01
2025-01-17,External Hard Drive,7,81.72
2025-01-17,Stand,6,28.57
2025-01-17,Charger,8,26.59
2025-01-17,Tablet,8,371.30
2025-01-18,Router,2,75.43
2025-01-18,Router,9,78.47
2025-01-18,Charger,6,24.65
2025-01-19,Tablet,10,478.31
2025-01-19,Stand,3,29.07
2025-01-19,Webcam,3,69.46
2025-01-19,Laptop,9,785.42
2025-01-20,Printer,7,147.44
2025-01-20,Charger,3,29.88
2025-01-20,Mouse,9,26.78
2025-01-20,Headphones,6,83.85
2025-01-20,Laptop,5,872.03
2025-01-20,Stand,7,39.54
2025-01-21,Printer,7,163.99
2025-01-21,Cable,7,9.97
2025-01-21,Charger,9,22.40
2025-01-21,Webcam,8,59.55
2025-01-22,Adapter,2,19.82
2025-01-23,Cable,9,9.06
2025-01-24,Webcam,5,60.27
2025-01-24,Webcam,8,62.97
2025-01-24,Router,6,71.00
2025-01-25,Adapter,1,21.55
2025-01-25,USB Drive,2,15.41
2025-01-26,Stand,6,40.35
2025-01-27,Stand,7,40.86
2025-01-28,External Hard Drive,2,99.99
2025-01-28,Keyboard,7,44.42
2025-01-29,Laptop,2,848.22
2025-01-29,USB Drive,10,16.93
2025-01-29,Adapter,2,20.47
2025-01-29,Stand,3,28.73
2025-01-30,Printer,4,136.53
2025-01-31,Keyboard,8,53.38
2025-01-31,Stand,4,37.90
2025-02-01,Webcam,9,61.08
2025-02-01,Keyboard,4,40.84
2025-02-02,Cable,10,9.39
2025-02-02,Mouse,7,28.70
2025-02-02,Case,9,33.95
2025-02-02,Router,3,65.92
2025-02-02,Printer,4,135.58
2025-02-02,Mouse,9,25.50
2025-02-03,USB Drive,5,16.31
2025-02-03,Battery,5,32.44
2025-02-03,Tablet,5,322.77
2025-02-04,Webcam,8,55.95
2025-02-04,Mouse,7,27.75
2025-02-04,Headphones,3,88.62
2025-02-05,Scanner,7,118.33
2025-02-05,Smartphone,4,570.05
2025-02-05,Laptop,7,875.42
2025-02-05,Cable,4,8.62
2025-02-06,Monitor,8,219.71
2025-02-07,Keyboard,10,57.08
2025-02-07,Stand,4,30.42
2025-02-07,Scanner,9,139.90
2025-02-07,Charger,1,25.50
2025-02-08,Webcam,8,68.19
2025-02-08,Adapter,10,21.56
2025-02-08,External Hard Drive,1,80.34
2025-02-09,Cable,7,11.15
2025-02-09,Headphones,2,86.75
2025-02-09,Webcam,10,53.11
2025-02-09,External Hard Drive,8,91.69
2025-02-09,Case,6,39.39
2025-02-09,Monitor,6,185.20
2025-02-09,Cable,4,11.54
2025-02-09,Battery,7,28.26
2025-02-10,Router,2,64.06
2025-02-10,Case,1,32.89
2025-02-11,Printer,9,136.23
2025-02-11,Cable,7,8.08
2025-02-12,Smartphone,5,703.19
2025-02-12,Router,9,76.76
2025-02-12,Cable,1,10.22
2025-02-12,Mouse,8,25.13
2025-02-13,Mouse,3,25.52
2025-02-13,Speaker,1,66.47
2025-02-13,External Hard Drive,10,117.29
2025-02-13,Smartphone,1,653.80
2025-02-14,Stand,1,41.13
2025-02-14,Charger,1,23.83
2025-02-14,USB Drive,6,15.29
2025-02-14,Stand,2,39.41
2025-02-14,Webcam,5,48.74
2025-02-14,Printer,8,178.23
2025-02-15,Battery,2,26.31
2025-02-15,External Hard Drive,8,118.32
2025-02-16,Tablet,8,476.05
2025-02-16,Scanner,8,136.65
2025-02-16,Router,9,93.45
2025-02-16,Charger,1,28.22
2025-02-16,Speaker,4,76.03
2025-02-16,Speaker,9,57.75
2025-02-16,Router,5,72.57
2025-02-17,External Hard Drive,6,89.35
2025-02-18,Router,8,77.30
2025-02-18,Headphones,4,71.67
2025-02-18,Cable,7,9.52
2025-02-19,External Hard Drive,9,88.91
2025-02-19,Cable,5,11.05
2025-02-20,Tablet,6,467.67
2025-02-20,Laptop,10,652.69
2025-02-20,USB Drive,7,16.78
2025-02-21,Case,1,43.00
2025-02-22,Case,9,34.01
2025-02-22,Webcam,6,59.71
2025-02-23,Charger,3,25.86
2025-02-24,Headphones,3,87.50
2025-02-24,Printer,6,143.34
2025-02-24,Adapter,8,20.87
2025-02-24,Scanner,10,115.88
2025-02-25,Monitor,8,213.83
2025-02-25,Webcam,1,57.19
2025-02-25,Router,5,85.67
2025-02-26,Printer,1,142.64
2025-02-26,Charger,5,25.33
2025-02-27,Adapter,3,20.50
2025-02-27,Keyboard,4,43.69
2025-02-27,Scanner,4,129.16
2025-02-27,Case,6,36.43
2025-02-27,Printer,7,136.70
2025-02-28,Printer,3,143.19
2025-02-28,Tablet,3,337.44
2025-03-01,Router,2,77.19
2025-03-01,External Hard Drive,4,114.05
2025-03-01,Speaker,8,63.83
2025-03-01,Monitor,5,179.76
2025-03-02,Speaker,10,73.35
2025-03-02,Printer,10,153.91
2025-03-02,Smartphone,4,718.95
2025-03-02,Tablet,8,442.39
2025-03-02,Keyboard,9,42.26
2025-03-03,Headphones,7,82.37
2025-03-03,External Hard Drive,1,117.83
2025-03-03,Scanner,2,132.12
2025-03-04,USB Drive,2,15.05
2025-03-04,Battery,7,26.19
2025-03-04,External Hard Drive,6,90.23
2025-03-05,Mouse,10,20.85
2025-03-06,Mouse,8,20.16
2025-03-06,Case,3,46.01
2025-03-06,Webcam,5,49.07
2025-03-07,USB Drive,6,12.99
2025-03-08,Monitor,9,191.37
2025-03-08,Smartphone,7,609.70
2025-03-09,Mouse,5,21.45
2025-03-10,Adapter,3,17.42
2025-03-10,Webcam,7,56.48
2025-03-11,Monitor,9,172.07
2025-03-11,Tablet,5,404.99
2025-03-12,Battery,5,24.85
2025-03-12,Printer,3,167.16
2025-03-12,Laptop,6,843.66
2025-03-13,Speaker,6,64.55
2025-03-13,Laptop,9,725.80
2025-03-14,Keyboard,6,44.69
2025-03-14,Laptop,10,671.86
2025-03-14,Headphones,5,90.51
2025-03-14,Monitor,8,202.70
2025-03-15,Laptop,9,664.82
2025-03-15,Headphones,10,89.20
2025-03-15,Stand,5,36.41
2025-03-15,Mouse,6,29.66
2025-03-15,Headphones,4,81.25
2025-03-15,Keyboard,2,53.20
2025-03-15,Scanner,4,122.85
2025-03-17,USB Drive,1,13.45
2025-03-17,Monitor,4,173.65
2025-03-17,Battery,6,34.23
2025-03-18,Battery,8,31.45
2025-03-18,External Hard Drive,2,116.96
2025-03-19,Scanner,10,137.88
2025-03-19,Battery,1,31.82
2025-03-20,Charger,4,21.89
2025-03-20,Battery,10,35.27
2025-03-20,Monitor,7,207.36
2025-03-21,Case,6,33.85
2025-03-21,Keyboard,8,49.28
2025-03-21,Case,4,41.02
2025-03-22,Printer,2,164.80
2025-03-22,Headphones,1,75.91
2025-03-22,Stand,8,39.43
2025-03-22,Case,10,47.60
2025-03-22,Adapter,10,19.92
2025-03-22,Charger,9,28.74
2025-03-23,Keyboard,5,51.86
2025-03-24,Cable,8,10.49
2025-03-24,Cable,7,11.84
2025-03-25,Headphones,5,88.49
2025-03-25,Webcam,10,69.38
2025-03-26,Printer,4,139.83
2025-03-26,Headphones,3,93.19
2025-03-27,Monitor,7,184.12
2025-03-27,Monitor,8,211.27
2025-03-27,Case,2,44.26
2025-03-28,Tablet,10,410.03
2025-03-28,Headphones,3,73.92
2025-03-29,Router,3,67.98
2025-03-29,Printer,2,158.00
2025-03-29,Charger,1,27.63
2025-03-29,USB Drive,4,14.72
2025-03-29,USB Drive,4,16.09
2025-03-30,USB Drive,9,12.59
2025-03-30,Webcam,4,58.87
2025-03-30,Cable,9,9.77
2025-03-31,Battery,1,35.21
2025-03-31,Webcam,10,57.90
2025-04-01,Mouse,5,26.35
2025-04-01,USB Drive,7,16.39
2025-04-02,External Hard Drive,9,111.52
2025-04-02,Webcam,4,63.90
2025-04-03,Mouse,6,29.55
2025-04-03,Cable,1,8.59
2025-04-03,Adapter,9,17.14
2025-04-03,Tablet,4,428.36
2025-04-04,Adapter,5,23.63
2025-04-05,Headphones,6,85.55
2025-04-05,Monitor,10,233.42
2025-04-05,Stand,9,29.76
2025-04-06,Keyboard,4,58.84
2025-04-07,USB Drive,4,16.58
2025-04-07,Keyboard,5,40.04
2025-04-07,Charger,8,24.89
2025-04-08,Speaker,9,62.36
2025-04-09,Battery,9,27.32
2025-04-09,Mouse,3,24.51
2025-04-09,Mouse,7,29.12
2025-04-09,Monitor,7,173.93
2025-04-09,Scanner,5,115.68
2025-04-09,External Hard Drive,4,87.96
2025-04-10,Speaker,4,80.53
2025-04-10,Keyboard,6,43.20
2025-04-10,Adapter,3,23.49
2025-04-10,Tablet,7,435.91
2025-04-11,Keyboard,9,42.95
2025-04-11,Headphones,6,92.37
2025-04-11,Monitor,1,198.88
2025-04-12,Keyboard,4,43.79
2025-04-12,Cable,7,11.42
2025-04-12,Case,6,42.12
2025-04-12,Adapter,7,21.70
2025-04-12,Speaker,7,64.21
2025-04-12,Tablet,2,370.87
2025-04-12,Smartphone,6,586.31
2025-04-13,Keyboard,8,42.18
2025-04-13,Adapter,9,20.50
2025-04-13,Keyboard,9,40.50
2025-04-13,Printer,5,174.47
2025-04-15,Smartphone,7,640.77
2025-04-15,Cable,5,11.55
2025-04-15,Keyboard,8,51.42
2025-04-15,Monitor,4,183.77
2025-04-17,Printer,8,155.89
2025-04-17,Battery,1,25.38
2025-04-17,Cable,6,10.77
2025-04-17,Case,8,36.14
2025-04-17,Tablet,8,419.44
2025-04-17,Case,2,44.96
2025-04-18,Cable,2,8.37
2025-04-19,Tablet,5,420.26
2025-04-20,Charger,4,27.61
2025-04-20,Tablet,6,371.61
2025-04-20,Smartphone,2,695.04
2025-04-21,Laptop,10,809.95
2025-04-21,External Hard Drive,6,113.64
2025-04-21,Cable,8,9.60
2025-04-21,External Hard Drive,3,113.76
2025-04-21,Speaker,1,56.84
2025-04-22,Webcam,1,70.09
2025-04-23,Cable,5,9.60
2025-04-23,Monitor,8,220.43
2025-04-23,Case,10,34.26
2025-04-23,USB Drive,3,17.64
2025-04-24,Case,4,40.15
2025-04-24,Laptop,1,888.34
2025-04-24,Scanner,1,109.14
2025-04-24,Adapter,3,23.17
2025-04-25,Webcam,4,49.43
2025-04-25,Case,5,40.91
2025-04-25,Scanner,8,102.01
2025-04-25,Speaker,6,66.30
2025-04-26,Mouse,1,23.53
2025-04-26,Monitor,5,237.84
2025-04-26,USB Drive,4,15.17
2025-04-27,Charger,1,28.49
2025-04-27,Router,5,69.16
2025-04-27,Monitor,10,201.17
2025-04-28,Tablet,5,382.51
2025-04-28,Case,7,32.28
2025-04-28,Webcam,9,57.15
2025-04-28,Smartphone,1,697.66
2025-04-28,Smartphone,8,715.52
2025-04-28,Charger,5,25.89
2025-04-28,Monitor,9,214.22
2025-04-29,Headphones,5,78.02
2025-04-29,Laptop,6,926.18
2025-04-30,Smartphone,5,482.41
2025-04-30,Adapter,3,16.73
2025-05-01,Case,2,43.52
2025-05-01,Stand,4,39.78
2025-05-02,Case,10,44.22
2025-05-03,Speaker,8,59.41
2025-05-04,Speaker,7,61.71
2025-05-04,Webcam,7,63.44
2025-05-05,Battery,5,35.81
2025-05-06,Cable,8,11.05
2025-05-06,Mouse,8,21.88
2025-05-07,Cable,7,10.19
2025-05-08,Headphones,10,84.00
2025-05-08,Router,5,82.21
2025-05-08,Laptop,3,782.19
2025-05-08,External Hard Drive,9,107.44
2025-05-09,Keyboard,3,55.17
2025-05-10,Mouse,9,20.32
2025-05-10,Smartphone,1,496.94
2025-05-10,Printer,9,146.90
2025-05-10,Tablet,7,432.65
2025-05-10,Stand,8,39.13
2025-05-10,Webcam,4,51.12
2025-05-10,Stand,2,37.51
2025-05-10,External Hard Drive,3,93.12
2025-05-11,Scanner,9,128.82
2025-05-11,Webcam,3,66.74
2025-05-11,Stand,8,30.98
2025-05-12,Webcam,10,60.58
2025-05-12,Keyboard,3,55.42
2025-05-12,Printer,5,152.62
2025-05-12,Router,5,79.53
2025-05-12,USB Drive,1,13.18
2025-05-13,Adapter,5,18.95
2025-05-13,Headphones,1,88.12
2025-05-14,Stand,8,30.15
2025-05-14,Laptop,9,707.91
2025-05-14,External Hard Drive,10,91.87
2025-05-15,Printer,1,139.11
2025-05-15,Smartphone,8,701.51
2025-05-15,External Hard Drive,8,85.62
2025-05-16,Smartphone,7,577.22
2025-05-16,Keyboard,4,43.76
2025-05-16,Stand,2,32.72
2025-05-16,Adapter,1,19.77
2025-05-16,Tablet,3,428.93
2025-05-17,Speaker,2,64.52
2025-05-18,Charger,7,26.55
2025-05-18,Stand,7,28.05
2025-05-18,Webcam,10,59.89
2025-05-18,Tablet,9,468.40
2025-05-19,Battery,9,24.27
2025-05-19,Webcam,2,59.42
2025-05-20,USB Drive,5,17.37
2025-05-20,Router,9,71.86
2025-05-21,Battery,1,30.47
2025-05-21,Printer,7,134.75
2025-05-21,Cable,9,10.51
2025-05-22,Adapter,2,22.85
2025-05-23,Adapter,2,18.73
2025-05-23,Monitor,9,173.75
2025-05-23,Charger,8,29.07
2025-05-23,Smartphone,9,630.53
2025-05-23,USB Drive,8,14.16
2025-05-24,USB Drive,1,15.83
2025-05-25,Cable,5,11.83
2025-05-25,Printer,4,123.34
2025-05-26,Smartphone,2,565.69
2025-05-27,Smartphone,5,597.95
2025-05-27,Webcam,9,50.03
2025-05-27,Scanner,6,135.24
2025-05-27,Router,7,87.26
2025-05-27,Keyboard,10,52.88
2025-05-27,Scanner,2,133.38
2025-05-29,Monitor,6,198.88
2025-05-29,Stand,3,31.90
2025-05-30,Headphones,7,95.19
2025-05-30,Stand,9,39.95
2025-05-30,Printer,10,171.87
2025-05-31,Monitor,10,166.82
2025-06-01,Cable,2,8.84
2025-06-01,Speaker,4,83.55
2025-06-01,Monitor,8,199.59
2025-06-02,Tablet,10,368.74
2025-06-02,Mouse,2,21.08
2025-06-02,Smartphone,6,696.44
2025-06-03,Case,8,37.27
2025-06-03,Adapter,9,18.33
2025-06-03,Printer,5,166.30
2025-06-03,Smartphone,9,678.60
2025-06-04,Mouse,8,28.92
2025-06-04,Smartphone,8,607.31
2025-06-04,Battery,6,32.52
2025-06-05,USB Drive,4,12.31
2025-06-05,Smartphone,7,623.61
2025-06-05,Charger,10,21.68
2025-06-05,Monitor,8,187.89
2025-06-06,Adapter,6,16.10
2025-06-06,Speaker,1,65.05
2025-06-06,Headphones,7,87.96
2025-06-08,Monitor,9,205.82
2025-06-09,Printer,6,138.42
2025-06-09,Smartphone,2,592.87
2025-06-10,External Hard Drive,8,103.70
2025-06-10,External Hard Drive,4,118.20
2025-06-11,USB Drive,6,17.59
2025-06-12,Router,8,83.66
2025-06-12,Stand,1,40.26
2025-06-12,Scanner,8,133.81
2025-06-12,Headphones,8,69.73
2025-06-12,Charger,1,28.75
2025-06-13,Tablet,1,357.09
2025-06-13,Webcam,5,67.65
2025-06-14,Tablet,6,404.76
2025-06-14,Monitor,7,200.99
2025-06-14,Case,1,45.64
2025-06-15,Mouse,4,22.54
2025-06-15,Monitor,10,181.29
2025-06-15,Speaker,2,56.13
2025-06-16,Scanner,8,96.28
2025-06-17,Cable,3,9.34
2025-06-17,Printer,2,133.19
2025-06-18,Mouse,10,28.86
2025-06-18,Case,8,32.02
2025-06-18,Laptop,9,647.62
2025-06-19,Laptop,10,694.44
2025-06-19,USB Drive,6,16.44
2025-06-20,Monitor,10,161.37
2025-06-20,Printer,2,170.61
2025-06-20,Scanner,7,112.94
2025-06-21,Router,10,87.91
2025-06-21,Router,8,95.31
2025-06-22,Monitor,7,196.19
2025-06-22,USB Drive,9,15.91
2025-06-22,Keyboard,6,40.65
2025-06-22,Tablet,8,363.46
2025-06-22,Laptop,1,819.33
2025-06-22,Case,1,39.20
2025-06-23,Laptop,8,781.33
2025-06-23,Stand,10,41.80
2025-06-23,Battery,2,29.10
2025-06-23,Charger,10,21.34
2025-06-23,Battery,9,35.65
2025-06-23,Keyboard,1,49.53
2025-06-24,Monitor,3,223.54
2025-06-24,Printer,3,158.07
2025-06-25,USB Drive,1,16.16
2025-06-25,Laptop,6,693.03
2025-06-25,Battery,10,27.52
2025-06-26,Tablet,9,373.63
2025-06-26,USB Drive,8,12.35
2025-06-27,Stand,1,39.28
2025-06-28,Cable,7,8.40
2025-06-28,Charger,5,26.49
2025-06-28,Tablet,2,379.41
2025-06-29,Webcam,1,55.75
2025-06-29,Laptop,6,701.63
2025-06-29,Router,1,75.44
2025-06-29,Adapter,6,19.30
2025-06-29,Speaker,7,69.72
2025-06-30,Tablet,9,327.23
2025-07-01,Case,9,41.77
2025-07-01,External Hard Drive,8,104.10
2025-07-01,Headphones,4,75.98
2025-07-01,Case,8,34.70
2025-07-01,USB Drive,9,14.72
2025-07-01,External Hard Drive,7,111.58
2025-07-01,Adapter,10,21.72
2025-07-01,Scanner,3,111.63
2025-07-02,Cable,9,11.99
2025-07-02,Webcam,10,71.42
2025-07-02,Battery,8,32.17
2025-07-03,Charger,9,20.30
2025-07-03,Speaker,3,76.09
2025-07-03,Keyboard,9,57.16
2025-07-04,Headphones,6,79.23
2025-07-04,Router,2,65.98
2025-07-04,Battery,3,25.07
2025-07-04,USB Drive,7,14.97
2025-07-05,Tablet,7,361.96
2025-07-05,Battery,9,35.27
2025-07-06,Tablet,10,398.77
2025-07-07,Webcam,5,62.61
2025-07-07,USB Drive,6,15.58
2025-07-07,Battery,8,35.61
2025-07-07,Speaker,3,77.13
2025-07-07,Webcam,10,68.32
2025-07-08,Case,2,32.63
2025-07-09,Webcam,8,66.70
2025-07-09,Smartphone,5,586.45
2025-07-10,Tablet,9,329.31
2025-07-10,Speaker,10,60.51
2025-07-10,Stand,4,33.78
2025-07-10,Charger,9,25.34
2025-07-10,Speaker,5,67.03
2025-07-10,Smartphone,10,563.95
2025-07-12,Keyboard,4,40.85
2025-07-12,Smartphone,8,569.85
2025-07-13,Scanner,4,127.43
2025-07-13,Speaker,8,81.76
2025-07-14,Mouse,8,22.63
2025-07-14,Speaker,4,66.75
2025-07-14,Webcam,7,63.27
2025-07-14,Headphones,2,92.04
2025-07-15,Router,10,81.51
2025-07-15,Scanner,10,143.88
2025-07-15,Smartphone,4,711.42
2025-07-15,Case,5,39.04
2025-07-15,Router,8,72.01
2025-07-15,Router,8,95.92
2025-07-16,Webcam,2,58.12
2025-07-16,External Hard Drive,4,90.62
2025-07-16,USB Drive,4,13.77
2025-07-16,Laptop,9,845.04
2025-07-16,Case,6,39.98
2025-07-16,Router,4,88.92
2025-07-17,USB Drive,3,17.92
2025-07-18,Scanner,4,96.88
2025-07-18,Printer,8,132.15
2025-07-18,Mouse,1,20.77
2025-07-18,Scanner,10,113.06
2025-07-19,Cable,8,9.98
2025-07-20,Case,1,40.11
2025-07-21,Router,9,94.81
2025-07-21,Adapter,1,19.06
2025-07-21,Cable,1,8.81
2025-07-21,Monitor,7,188.06
2025-07-22,Monitor,9,163.89
2025-07-23,Battery,2,29.89
2025-07-23,Charger,8,23.26
2025-07-23,Laptop,7,695.14
2025-07-24,Webcam,3,58.21
2025-07-24,Speaker,6,74.08
2025-07-25,Adapter,9,18.33
2025-07-26,Monitor,10,239.03
2025-07-26,Charger,7,24.52
2025-07-26,Router,6,93.60
2025-07-26,Case,1,44.72
2025-07-27,Scanner,8,122.44
2025-07-28,Headphones,3,84.77
2025-07-28,Headphones,9,73.46
2025-07-28,Webcam,8,64.53
2025-07-28,Mouse,10,21.68
2025-07-29,Speaker,5,56.08
2025-07-29,Battery,9,34.16
2025-07-29,Printer,10,161.17
2025-07-30,Headphones,5,85.36
2025-07-30,Stand,6,33.84
2025-07-30,Monitor,1,179.23
2025-07-30,Stand,9,28.53
2025-07-31,Keyboard,8,59.20
2025-07-31,Keyboard,7,50.31
2025-08-01,Keyboard,5,45.01
2025-08-01,Mouse,3,26.85
2025-08-02,Keyboard,6,59.02
2025-08-03,Headphones,6,85.23
2025-08-03,Keyboard,8,40.76
2025-08-04,Cable,8,11.88
2025-08-04,Cable,3,8.95
2025-08-04,Charger,7,21.67
2025-08-04,Laptop,3,722.26
2025-08-04,Scanner,10,139.37
2025-08-05,Headphones,2,89.93
2025-08-05,Monitor,1,169.91
2025-08-05,Charger,8,22.45
2025-08-06,Charger,4,24.70
2025-08-06,Case,6,35.08
2025-08-06,Stand,1,30.60
2025-08-06,Router,7,66.90
2025-08-06,Speaker,2,72.84
2025-08-07,Scanner,1,120.29
2025-08-07,Router,5,69.43
2025-08-08,Speaker,6,83.27
2025-08-08,Printer,5,177.42
2025-08-08,Scanner,8,140.12
2025-08-08,External Hard Drive,9,86.69
2025-08-09,Printer,10,172.33
2025-08-09,Smartphone,9,683.68
2025-08-10,Monitor,2,162.54
2025-08-10,Battery,3,33.43
2025-08-11,Battery,10,26.49
2025-08-11,Printer,4,165.08
2025-08-12,USB Drive,5,12.14
2025-08-12,Battery,3,32.37
2025-08-13,Case,5,33.86
2025-08-13,USB Drive,1,14.53
2025-08-13,Adapter,1,18.27
2025-08-13,Keyboard,4,59.80
2025-08-13,Mouse,8,27.88
2025-08-14,Charger,9,27.78
2025-08-14,Cable,6,10.44
2025-08-15,Speaker,1,73.72
2025-08-15,Router,6,87.51
2025-08-16,Monitor,9,220.94
2025-08-16,Headphones,9,94.44
2025-08-16,Smartphone,8,596.26
2025-08-16,Tablet,5,332.40
2025-08-16,Case,1,45.26
2025-08-17,Smartphone,3,507.06
2025-08-17,Smartphone,2,581.91
2025-08-18,Adapter,2,16.39
2025-08-18,Smartphone,6,504.36
2025-08-18,Mouse,6,26.97
2025-08-19,Laptop,3,866.07
2025-08-19,Adapter,2,22.47
2025-08-19,Case,9,36.91
2025-08-19,Scanner,4,142.34
2025-08-19,Smartphone,7,575.91
2025-08-19,Router,6,91.70
2025-08-19,Headphones,3,75.47
2025-08-21,Webcam,4,62.99
2025-08-21,Laptop,7,747.69
2025-08-22,Keyboard,9,47.97
2025-08-22,Printer,3,132.57
2025-08-22,USB Drive,7,17.72
2025-08-23,USB Drive,8,12.81
2025-08-23,Router,7,90.73
2025-08-23,Keyboard,3,54.52
2025-08-23,USB Drive,3,13.53
2025-08-24,Smartphone,10,690.98
2025-08-24,Keyboard,9,44.67
2025-08-25,Cable,4,11.82
2025-08-25,USB Drive,9,17.50
2025-08-26,Router,9,66.96
2025-08-27,Adapter,8,18.12
2025-08-27,Battery,6,28.87
2025-08-27,Smartphone,9,570.23
2025-08-27,Webcam,2,60.09
2025-08-27,Case,4,36.91
2025-08-29,Laptop,5,860.40
2025-08-30,Case,9,43.17
2025-08-30,Mouse,3,21.19
2025-08-30,Charger,7,25.05
2025-08-30,Tablet,10,406.67
2025-08-31,Monitor,10,179.43
2025-08-31,Monitor,8,174.36
2025-08-31,Cable,1,11.14
2025-08-31,Smartphone,1,707.55
2025-09-01,Monitor,10,212.43
2025-09-01,Cable,9,11.31
2025-09-01,Mouse,9,23.67
2025-09-02,Router,5,64.40
2025-09-02,Stand,5,30.09
2025-09-03,Tablet,6,454.02
2025-09-03,Laptop,8,701.02
2025-09-03,Webcam,3,64.38
2025-09-03,Battery,10,29.94
2025-09-04,Router,2,94.80
2025-09-04,Stand,3,40.10
2025-09-04,Mouse,2,24.29
2025-09-04,USB Drive,5,12.90
2025-09-05,Laptop,3,675.77
2025-09-05,Scanner,4,134.36
2025-09-06,Tablet,3,433.39
2025-09-06,Stand,5,33.85
2025-09-06,Smartphone,10,656.34
2025-09-07,USB Drive,9,15.97
2025-09-07,Cable,6,10.02
2025-09-07,Webcam,4,51.90
2025-09-07,Charger,10,22.32
2025-09-08,Cable,10,11.57
2025-09-08,Scanner,9,107.82
2025-09-09,Charger,10,26.16
2025-09-09,Router,2,92.07
2025-09-10,Cable,7,9.81
2025-09-10,Speaker,3,66.83
2025-09-11,Headphones,10,67.14
2025-09-11,Laptop,1,850.69
2025-09-11,Adapter,8,23.69
2025-09-12,Webcam,5,58.85
2025-09-12,USB Drive,4,16.35
2025-09-13,Printer,7,156.91
2025-09-14,Charger,1,22.45
2025-09-15,Mouse,1,24.31
2025-09-15,Scanner,1,119.87
2025-09-15,Headphones,7,85.70
2025-09-15,Charger,2,26.29
2025-09-15,Cable,9,11.23
2025-09-15,Keyboard,9,49.89
2025-09-16,External Hard Drive,2,84.10
2025-09-16,Stand,7,29.69
2025-09-16,Adapter,8,18.95
2025-09-17,Tablet,6,421.13
2025-09-17,Monitor,2,167.19
2025-09-17,Webcam,9,62.46
2025-09-17,Monitor,4,193.77
2025-09-17,External Hard Drive,6,96.51
2025-09-17,Battery,7,34.41
2025-09-17,Keyboard,8,54.83
2025-09-18,Speaker,9,66.32
2025-09-18,Battery,1,26.16
2025-09-18,Keyboard,10,52.28
2025-09-19,Headphones,8,92.22
2025-09-19,Case,8,41.19
2025-09-20,Webcam,4,59.75
2025-09-20,Webcam,3,68.85
2025-09-20,Case,10,42.86
2025-09-20,Stand,7,31.27
2025-09-21,Speaker,5,63.71
2025-09-22,Printer,3,157.77
2025-09-22,Charger,3,23.29
2025-09-22,Monitor,6,206.33
2025-09-22,Mouse,1,28.52
2025-09-23,Tablet,8,327.91
2025-09-23,Router,3,79.67
2025-09-24,Headphones,10,67.03
2025-09-24,Cable,2,9.03
2025-09-26,Scanner,6,138.20
2025-09-26,Battery,7,33.82
2025-09-26,Printer,10,162.46
2025-09-27,Speaker,3,63.00
2025-09-28,USB Drive,6,12.25
2025-09-28,Laptop,2,865.00
2025-09-29,Monitor,10,181.88
2025-10-01,Webcam,7,57.13
2025-10-01,Cable,8,10.85
2025-10-02,Mouse,4,25.36
2025-10-03,Adapter,1,18.11
2025-10-03,Cable,1,9.71
2025-10-03,Printer,3,143.09
2025-10-03,Case,10,41.05
2025-10-04,Stand,4,41.90
2025-10-04,Adapter,3,20.05
2025-10-05,Case,9,36.92
2025-10-05,Stand,8,32.26
2025-10-05,Laptop,1,692.27
2025-10-06,Router,1,93.30
2025-10-06,Mouse,3,29.31
2025-10-06,Laptop,5,919.66
2025-10-07,Scanner,4,97.09
2025-10-07,Charger,9,21.34
2025-10-08,Adapter,4,18.73
2025-10-08,Charger,10,23.16
2025-10-09,Monitor,6,165.76
2025-10-11,Stand,1,36.44
2025-10-11,Monitor,8,188.72
2025-10-11,Cable,5,11.70
2025-10-12,Battery,9,32.51
2025-10-13,Cable,7,11.76
2025-10-13,Webcam,9,62.80
2025-10-13,Case,3,44.90
2025-10-13,Case,9,43.63
2025-10-13,Webcam,7,57.62
2025-10-13,Adapter,5,19.83
2025-10-14,Speaker,4,68.13
2025-10-14,Headphones,6,65.42
2025-10-16,Stand,5,28.64
2025-10-16,Smartphone,6,500.79
2025-10-17,USB Drive,2,16.38
2025-10-17,External Hard Drive,1,102.03
2025-10-18,Cable,8,11.91
2025-10-18,Headphones,5,73.79
2025-10-18,Smartphone,1,495.99
2025-10-19,Keyboard,5,48.90
2025-10-19,Case,10,47.67
2025-10-20,Monitor,1,217.21
2025-10-20,Cable,1,11.59
2025-10-21,Charger,10,25.50
2025-10-21,Tablet,4,463.83
2025-10-21,Battery,5,30.95
2025-10-22,Tablet,2,430.58
2025-10-23,Printer,2,153.07
2025-10-24,Router,10,86.10
2025-10-24,Case,8,45.44
2025-10-25,Router,7,81.81
2025-10-25,Charger,6,23.47
2025-10-26,Stand,8,35.19
2025-10-26,Smartphone,4,646.06
2025-10-26,Cable,4,8.49
2025-10-26,Stand,3,34.36
2025-10-27,Keyboard,7,49.03
2025-10-27,USB Drive,2,16.43
2025-10-27,Headphones,9,88.85
2025-10-28,Cable,7,8.03
2025-10-28,Headphones,8,80.07
2025-10-28,Speaker,6,63.60
2025-10-28,Adapter,2,22.17
2025-10-29,Battery,2,33.35
2025-10-29,Tablet,7,451.20
2025-10-30,USB Drive,1,15.85
2025-10-30,Printer,3,153.31
2025-10-30,Speaker,8,58.22
2025-11-01,Laptop,7,794.53
2025-11-01,USB Drive,6,15.12
2025-11-01,Charger,6,26.39
2025-11-02,Speaker,7,83.33
2025-11-02,Charger,9,22.03
2025-11-02,Case,2,45.12
2025-11-02,Cable,4,9.25
2025-11-02,Stand,6,36.84
2025-11-02,Cable,9,11.68
2025-11-02,Headphones,5,75.62
2025-11-03,Router,10,73.04
2025-11-03,Smartphone,2,701.01
2025-11-03,Laptop,6,641.19
2025-11-04,Charger,2,25.14
2025-11-04,External Hard Drive,9,107.15
2025-11-04,USB Drive,9,14.03
2025-11-04,Cable,10,8.11
2025-11-05,Headphones,3,94.13
2025-11-05,Battery,6,28.00
2025-11-05,USB Drive,4,14.30
2025-11-05,USB Drive,5,15.56
2025-11-05,Smartphone,9,569.69
2025-11-06,Scanner,2,107.23
2025-11-06,Charger,5,25.01
2025-11-06,External Hard Drive,1,105.17
2025-11-06,USB Drive,8,17.69
2025-11-07,Charger,4,22.79
2025-11-07,Router,4,94.06
2025-11-07,Router,9,67.25
2025-11-08,Cable,7,8.93
2025-11-08,Mouse,9,26.77
2025-11-08,Adapter,6,17.34
2025-11-08,Cable,9,9.54
2025-11-08,Adapter,7,19.97
2025-11-09,Headphones,3,69.57
2025-11-09,Webcam,5,60.57
2025-11-09,Stand,7,29.27
2025-11-09,Laptop,7,675.50
2025-11-09,Keyboard,4,45.52
2025-11-10,Monitor,10,184.48
2025-11-11,Laptop,1,901.60
2025-11-11,Keyboard,6,53.78
2025-11-11,Tablet,5,343.71
2025-11-11,Tablet,4,357.48
2025-11-11,Printer,8,157.09
2025-11-12,External Hard Drive,7,88.52
2025-11-12,Speaker,4,71.25
2025-11-12,Router,3,86.38
2025-11-13,Speaker,7,66.85
2025-11-13,USB Drive,4,14.52
2025-11-13,Case,5,46.07
2025-11-14,Case,7,38.06
2025-11-14,Scanner,4,111.57
2025-11-15,Cable,7,10.68
2025-11-15,Monitor,3,231.23
2025-11-15,Headphones,3,92.32
2025-11-15,Mouse,5,21.54
2025-11-16,External Hard Drive,3,93.16
2025-11-17,Charger,2,23.72
2025-11-17,Mouse,6,23.54
2025-11-17,Laptop,4,801.36
2025-11-18,Scanner,2,125.93
2025-11-18,Stand,8,38.65
2025-11-19,Headphones,6,76.83
2025-11-19,Adapter,9,22.50
2025-11-20,External Hard Drive,7,118.98
2025-11-21,Scanner,5,107.14
2025-11-22,Laptop,7,713.54
2025-11-22,Charger,7,23.61
2025-11-23,Stand,4,38.54
2025-11-24,Mouse,9,21.05
2025-11-24,External Hard Drive,4,105.29
2025-11-25,Speaker,8,80.94
2025-11-25,USB Drive,5,17.08
2025-11-25,Stand,10,35.08
2025-11-25,Tablet,3,467.72
2025-11-25,Tablet,4,455.63
2025-11-26,Headphones,9,72.92
2025-11-26,Router,5,66.47
2025-11-26,External Hard Drive,4,112.72
2025-11-26,Battery,9,34.20
2025-11-27,Charger,9,20.75
2025-11-27,Mouse,3,29.65
2025-11-28,Stand,2,40.67
2025-11-28,Webcam,8,58.80
2025-11-29,Tablet,2,450.49
2025-11-29,Cable,8,8.50
2025-11-30,Stand,10,28.20
2025-11-30,USB Drive,1,16.28
2025-11-30,Stand,2,34.41
2025-12-01,Scanner,4,128.50
2025-12-01,External Hard Drive,10,89.28
2025-12-02,External Hard Drive,2,117.89
2025-12-03,Cable,10,11.60
2025-12-03,Cable,3,10.10
2025-12-04,Scanner,1,110.60
2025-12-04,Battery,3,28.93
2025-12-04,USB Drive,6,13.17
2025-12-04,Keyboard,1,44.62
2025-12-06,Headphones,6,88.06
2025-12-06,Keyboard,3,45.43
2025-12-06,Cable,3,8.65
2025-12-06,Stand,4,32.01
2025-12-07,USB Drive,8,15.19
2025-12-07,Headphones,6,81.60
2025-12-07,USB Drive,5,16.00
2025-12-08,Case,3,47.02
2025-12-09,Case,7,42.25
2025-12-10,Router,2,95.92
2025-12-10,Monitor,7,201.60
2025-12-10,Keyboard,10,49.87
2025-12-11,Smartphone,8,625.78
2025-12-11,Printer,1,173.03
2025-12-11,Scanner,4,111.40
2025-12-11,Monitor,8,165.46
2025-12-11,Stand,2,33.05
2025-12-11,Stand,7,33.49
2025-12-12,Speaker,6,74.96
2025-12-12,Charger,2,22.96
2025-12-12,External Hard Drive,4,96.18
2025-12-13,Case,10,45.31
2025-12-13,Laptop,4,755.85
2025-12-13,Printer,4,161.56
2025-12-13,Monitor,10,230.44
2025-12-14,Smartphone,3,558.05
2025-12-14,Headphones,5,73.68
2025-12-14,Webcam,10,65.99
2025-12-14,Keyboard,7,56.10
2025-12-14,USB Drive,1,13.66
2025-12-15,Cable,2,9.46
2025-12-16,Webcam,3,58.46
2025-12-16,Laptop,5,741.46
2025-12-16,Mouse,2,28.71
2025-12-17,Charger,9,20.29
2025-12-17,Charger,1,20.22
2025-12-17,Webcam,1,64.84
2025-12-17,Laptop,1,816.31
2025-12-18,Speaker,6,73.20
2025-12-18,Keyboard,9,40.58
2025-12-19,Stand,5,35.77
2025-12-19,Cable,8,8.69
2025-12-19,Keyboard,5,54.53
2025-12-19,Mouse,8,23.81
2025-12-20,Smartphone,8,534.17
2025-12-20,Laptop,6,942.38
2025-12-20,Mouse,5,26.05
2025-12-21,Monitor,4,165.12
2025-12-21,Laptop,3,653.21
2025-12-21,Stand,8,32.76
2025-12-22,Webcam,2,69.22
2025-12-22,Battery,5,29.42
2025-12-22,Headphones,10,92.51
2025-12-23,External Hard Drive,3,111.44
2025-12-23,Cable,4,9.87
2025-12-24,Mouse,2,26.67
2025-12-24,Cable,10,11.37
2025-12-24,Adapter,5,17.20
2025-12-24,Headphones,7,84.43
2025-12-24,Mouse,2,29.61
2025-12-24,Headphones,9,94.08
2025-12-24,Case,8,42.16
2025-12-25,Scanner,10,99.37
2025-12-25,USB Drive,2,16.60
2025-12-25,Case,6,35.53
2025-12-27,Headphones,7,71.94
2025-12-27,Battery,4,35.48
2025-12-27,Laptop,10,762.69
2025-12-27,Smartphone,8,540.67
2025-12-27,Printer,2,123.39
2025-12-28,Charger,9,26.78
2025-12-28,Keyboard,1,46.64
2025-12-28,Scanner,4,122.08
2025-12-28,External Hard Drive,10,96.70
2025-12-28,Scanner,2,100.11
2025-12-29,Scanner,4,118.39
2025-12-30,Smartphone,7,678.78
2025-12-30,Webcam,3,69.05
2025-12-30,Tablet,8,470.75
2025-12-31,Scanner,9,117.34
2025-12-31,Printer,4,173.87
2025-12-31,Cable,9,10.59
2025-12-31,Webcam,9,70.35
2026-01-01,Speaker,2,69.93
2026-01-01,Mouse,2,26.89
2026-01-01,Printer,2,179.50
2026-01-01,Webcam,4,62.96
2026-01-02,Case,8,37.34
2026-01-02,Speaker,3,57.33
